plot_uniq_ID,vegetation,plot_ID,clayall,clay20,clay40,clay60,ai,hmod,strc,fdis,hm,wd,sla,ldmc,lcc,lnc,sesmpd,agb,socall,soc20,soc40,soc60,stnall,stn20,stn40,stn60,scnall,scn20,scn40,scn60
1,Savanna,A01,2.155121794,2.393063089,2.263103551,2.172509697,1.05916893,-0.468397436,0.028806636,2.757914806,-0.78347596,0.569137925,-0.30944007,2.603054784,-2.111245441,0.197588109,-1.56039594,-0.42130635,-2.922944617,-2.304166845,-3.190456335,-1.7766017,-2.757994446,-2.355364076,-2.762310439,-1.013950736,-1.71838359,-1.404655547,-0.888864974,-1.603392274
2,Savanna,A02,1.039202491,0.872364686,1.034025513,1.195766348,1.111842483,0.30040925,0.099587101,0.031926224,-0.520884164,0.978061318,0.038729586,0.654570771,0.991992061,-1.187023587,0.630986628,-1.306714323,-0.935991054,-0.666229823,-0.924487604,-0.318875512,-0.576494204,-0.467269479,-0.830851275,0.255388783,-0.597645598,-0.292728741,-0.280308261,-0.830750819
4,Savanna,A04,0.829295185,0.568225006,0.800656265,0.925472592,1.087386905,-0.296171916,-0.212269564,-1.725777616,-1.244610513,1.904433365,-1.257349194,0.141043054,1.95817696,-0.203270426,-1.53968361,-0.844506171,-0.307114107,-0.131590616,-0.252189107,-0.093238909,0.214398608,0.162106215,0.038671126,0.709064993,-0.923293996,-0.612247938,-0.609264065,-1.097282174
5,Forest,A05,0.322481815,0.627548954,0.178338271,-0.106558116,1.044119343,-1.136514828,-0.595317111,1.100306449,0.636098506,0.353448742,0.027126486,0.235106445,-1.15438619,0.013049294,-1.572306099,-1.391634665,0.352513551,0.215685034,0.614778594,0.327834357,0.60983716,0.705891157,0.436874765,0.457420233,-0.606103998,-1.221464541,0.268190654,-0.222819752
7,Parkland,A13,0.758379458,0.901608886,0.664524204,0.446315478,1.113723681,-0.51476563,-1.209350922,-1.19952529,-0.659814282,1.373449014,-0.85969602,0.190960717,0.614468121,-1.204976557,0.469093279,-0.441539539,-0.498140172,-0.642276499,0.165640053,0.01543674,-0.210316591,-0.663052917,-0.062962913,0.845641122,-0.466540399,0.3803917,0.345854191,-1.142203189
8,Savanna,B01,1.677411851,1.472288562,1.771083387,1.834642501,1.052584735,-0.467402692,0.054326783,-0.319429449,-1.236182791,0.676501737,-0.596027858,1.036498085,0.825635504,-0.437738673,-0.865799351,-1.796732718,0.203736872,-0.056926838,0.364200464,0.846009532,0.016043249,-0.169655129,0.134953465,0.635933589,0.408903995,0.593404499,0.373612887,0.190453585
9,Savanna,B02,2.155121794,2.11148322,2.311722144,2.498090813,1.094911698,-0.474198651,0.254766361,1.003270031,-0.431928566,-1.764293013,0.857269191,-1.322052878,-0.9055215,-0.183302402,-2.099738827,-0.262431587,-1.42175763,-1.361443742,-0.595330855,-0.651790308,-0.665792089,-0.612027993,0.063221052,-0.671320677,-1.396964393,-1.890324727,-1.232819914,0.049701072
10,Savanna,B03,1.413422326,1.173997721,1.44436644,1.539776584,0.999911182,-0.48133121,-0.233821643,-0.061935348,-1.244798688,0.649505182,-0.87032584,1.239027961,0.30761091,-0.648093489,-1.042009879,-1.726219009,0.450169965,-0.22669219,0.919561102,1.251810213,0.307215325,-0.019757235,0.812903868,0.539331345,0.188985596,-0.343851813,0.126264431,1.043952866
11,Savanna,B04,1.312682898,1.106318287,1.310179123,1.306341067,0.965109013,-0.50618251,-1.028476376,-1.746464899,-1.63070902,1.939360164,-1.646448249,0.257748844,2.20223135,-0.002675546,-1.290154086,-1.261508442,-2.464366791,-2.258141924,-1.727220375,-1.199009953,-2.350399532,-2.496258183,-1.180280235,-1.069792135,-1.037482395,-0.825260736,-1.012688017,-0.402503811
12,Savanna,B05,1.677411851,1.086265121,1.798309799,2.369086974,1.074218516,-0.957566265,0.189994448,2.308610679,-1.502963608,0.487717217,-0.443846946,2.169607721,-1.276855812,-0.259273947,-1.660283671,-1.190097613,-0.063977348,-0.177743514,0.725867842,-0.510153109,0.463755229,0.336733395,0.907525419,0.231207665,-0.982502796,-1.153300445,-0.420261824,-1.043376956
13,Savanna,B06,1.903060688,1.896747237,1.994728916,1.93293114,0.940653434,-1.274151589,-0.260970086,1.396933619,-2.216540343,0.168878969,0.438111213,-0.592133949,1.281690079,1.288817902,0.634867517,-1.501649044,0.308383559,0.129525232,1.115631318,-0.72752384,0.660126603,0.375421472,1.460379623,-0.063435074,-0.771042797,-0.569645379,-0.695082713,-0.971503332
14,Savanna,B09,1.742381189,1.809014637,1.790530824,1.650351303,1.210605396,-0.603863288,-1.456034417,0.103863985,-2.076116922,0.698596717,-2.231861976,2.114718244,-0.752463752,-0.293199462,-4.441041695,-2.154407766,-0.390961931,-0.459973789,-0.052177548,0.2434752,0.529236142,0.183572781,0.713118646,0.955927328,-1.557673991,-1.417436315,-1.380323985,-1.034392753
15,Savanna,B13,2.217199304,2.67380741,2.32533535,1.576634824,1.214367793,-0.986210717,-0.315986899,0.736227969,-0.754120386,0.163888344,-0.964167374,-0.047660321,-0.310970201,-0.255134652,0.472073949,-1.196513544,-1.069182056,-1.130845263,-0.572302214,0.02171949,-0.277115504,-1.068829107,0.063221052,0.955927328,-1.367359993,-0.079715943,-1.193596869,-1.24701889
16,Forest,B14,2.309630212,2.716420387,2.432296256,1.92064506,1.340408081,-0.921467115,-0.532182142,-1.159679488,0.462133066,-0.260445548,-0.443829317,1.909928971,-0.578932951,0.48320802,0.697722776,-0.62223117,-0.037940748,0.180420155,0.366159536,-0.920742597,4.864889186,4.433292875,4.257365514,1.207748853,-4.277049572,-4.817120572,-4.610347238,-2.136454983
17,Savanna,D01,0.322481815,-0.152017864,0.244459558,0.747324434,0.793919964,-1.434286392,0.665450851,-0.129820597,-0.493850017,0.08175902,-1.246832937,1.173317455,-0.835600824,0.590991025,0.194431342,-0.127233543,-0.143691459,-0.040879724,0.215210257,-0.336397334,-0.036489159,-0.068318566,0.038671126,0.414765567,-0.153579601,0.282405813,0.25881521,-1.031398019
18,Savanna,D02,1.806949478,1.39124035,1.992784172,2.264655295,0.586988147,-1.449814114,1.332809638,0.848864237,-0.354283295,-0.327117953,-0.517831773,0.58512065,-0.40990015,0.147932051,0.197456395,-0.133840716,0.369500144,0.587761226,0.221578099,-0.152280294,0.402476869,0.477627501,0.456647304,0.255388783,-0.162038001,0.197200694,-0.50358419,-0.603151011
19,Savanna,D03,1.612036452,1.658615893,1.578553758,1.681066503,0.348075958,-1.412917305,0.942230271,-0.208720553,-0.870635786,0.877838609,-0.301991652,0.133942914,1.139927209,-0.717621423,0.670875271,-0.060032876,1.501308373,0.828814348,1.405997928,1.681406608,0.676636073,0.413277482,0.860826489,0.861889625,1.170159989,0.985348047,1.047779364,0.942131899
20,Savanna,D09,0.02145299,-0.233901624,-0.066699439,0.21287996,0.50421542,-1.399688529,2.257555533,-0.003224224,-0.244022207,0.209532482,-0.240961201,-0.478562583,-0.332258704,-0.096402059,0.529473172,0.161123202,-0.484710874,0.227708874,-1.475094127,-0.973758675,-0.481370764,0.346485423,-1.438304818,-1.455677709,0.142464396,-0.26290695,-0.110184659,0.837316198
21,Savanna,D10,0.542701101,0.79967196,0.341696745,0.587605396,0.114807364,-1.437378909,0.649699754,-0.227184772,0.216947853,-0.162403632,-0.381219644,0.918174805,0.371914509,-0.066857841,-0.635260057,-0.392000703,-0.099420085,0.489827948,-1.07731102,-0.469399726,-0.55713572,-0.031772549,-1.180280235,-0.35524118,1.199764389,1.701071048,0.151701543,-0.123993519
22,Savanna,D11,0.651096161,0.44289272,0.567287018,0.986902991,0.020747447,-1.404301138,0.343449543,0.285963035,-0.200148834,-0.134944772,-0.181735868,0.487899936,0.504976332,-0.622137746,0.80861498,-1.273878457,0.229910665,0.64645158,-0.565775459,-0.012983175,-0.417162964,0.256708858,-1.27916605,-0.715830148,1.593079986,1.091854446,1.363160003,1.753704901
23,Savanna,D12,0.542701101,0.435372783,0.442823419,0.790325713,-0.218164742,-1.393888547,1.441720488,0.053884598,1.421368412,1.150035161,-0.585887548,0.400771112,0.298692987,0.333750137,0.807242423,0.576799124,-0.843159265,-0.617243209,-0.632114342,-0.382442516,-0.285610639,-0.277183922,-0.255661193,0.325727917,-0.961356796,-0.697453058,-0.745687158,-0.986477004
24,Parkland,E01,-0.979312549,-1.030179415,-0.934055143,-0.905153306,1.0930305,1.122886584,-0.217379809,1.189705189,1.07693589,-2.190821908,0.53383863,-1.31123427,0.760581514,1.610602865,-0.387841488,-1.909379855,0.191331828,0.691797653,-0.163781523,-0.894668417,0.637918347,1.08913601,0.134953465,-0.58599488,-0.902147996,-1.251286332,-0.623486996,-0.576198402
25,Parkland,E02,-0.486984987,-0.546396791,-0.508156266,-0.524284831,0.958524819,1.537525338,-0.039352518,-0.291343344,0.991179526,-0.281855596,1.780733583,-0.2930001,1.774596147,-0.051294743,0.422539834,-0.514588209,1.161360485,0.848075079,1.46710143,0.07156301,1.594437365,0.857729775,2.167550638,1.307651999,-1.270088394,-0.369413349,-1.288184463,-1.534513385
26,Parkland,E03,-1.021405281,-0.834661048,-1.009900148,-1.089444504,0.869167897,1.543025081,-1.105601472,-0.400846624,-1.306650121,-1.253462527,0.246349307,-1.059297437,-1.372749503,-1.563639543,-0.1269019,-1.172192773,0.380089916,-0.793891943,1.986787562,-0.555295439,-0.302700526,-0.451896136,0.270492653,0.022688576,1.631142786,-0.718754337,4.052411677,-0.854708694
27,Parkland,E04,-1.674009596,-1.291706118,-1.478583388,-1.636175057,0.793919964,1.552335197,0.354158511,-0.781452351,-0.299049911,-2.541042929,1.666401931,-1.638701695,-1.529459436,0.129702856,0.211479578,-0.376146765,-0.865032996,-1.062703879,-0.010816589,-0.073796787,0.390012479,-0.277183922,0.812903868,1.072972102,-2.005969188,-1.805119607,-1.478107781,-1.450660824
30,Parkland,E07,0.506318352,0.412812971,0.520613168,0.23745212,0.763820791,1.532147073,-0.274949795,-1.143174515,-1.935255885,0.92531018,1.766889563,-0.193615852,1.539646192,1.943147959,1.028275445,-0.53182132,-0.536970643,-0.898117706,-0.476762998,1.093014437,-0.067083986,-0.612027993,-0.406899551,1.233340599,-0.804876397,-0.578165891,-0.219777379,-0.531277387
31,Parkland,E08,-0.527138701,-0.608227385,-0.480929854,-0.794578587,0.7534742,1.529696075,-0.698396545,0.320767293,0.654935066,0.18220625,0.821347631,0.112765528,0.738000433,-0.610600684,0.761612018,-0.655074557,-1.411243478,-2.311545529,-0.368331472,0.692087054,-0.769484223,-2.817187266,-0.438708041,1.220598043,-1.215108794,-0.292728741,0.081529705,-0.908613911
32,Parkland,E09,0.135356436,0.257400936,0.184172503,-0.210989794,1.154169446,1.055193511,-0.624134029,0.535398768,2.358397294,-2.317968226,0.712416164,-1.110135662,0.337986499,0.978430259,0.304527271,-1.977175851,-0.194666188,-0.704400353,0.492859995,0.746622057,0.88063632,0.062129001,1.151746601,1.542617467,-1.80296759,-1.677311929,-1.224954003,-1.235039953
33,Parkland,E10,0.615089139,0.506394411,0.565342274,0.23745212,1.097733496,-0.359005646,-0.464860843,-1.816470679,-0.357956957,-2.915620247,1.55848515,-1.944820807,-1.967769254,-0.031841279,-1.204359683,0.598499478,0.743228222,0.426216709,0.923897668,0.762069796,0.499714851,0.307148889,0.713118646,0.672934638,0.260881996,0.316487861,0.327289991,0.010769525
34,Savanna,E11,1.413422326,1.045323241,1.535769396,1.281768907,0.961346616,-0.535899422,-1.086166822,-0.61019117,-0.861440948,1.547676596,-1.135656448,-0.460909692,1.316429204,0.023542569,0.178878796,-1.04715901,-2.20475258,-2.065287221,-1.637312645,-0.813886513,-2.182047684,-2.143030273,-1.438304818,-0.80891739,-0.597645598,-0.825260736,-0.406477093,0.010769525
35,Savanna,E12,0.210608773,-0.477046259,0.151111859,0.778039634,1.002732979,-0.605033386,0.158208367,-0.134396906,-0.254802762,0.891604512,0.032779215,-1.340610162,-0.104986144,0.304592959,-0.036445596,-0.864585374,-0.179711009,0.068659753,0.643609943,-2.31986008,0.117468441,0.413277482,0.876525659,-3.659205852,-0.534207599,-0.799699201,-0.500091107,0.016758994
36,Forest,E13,-0.607911533,-0.796225814,-0.640398839,-0.57342915,1.093971099,0.60708263,1.04450184,3.840818294,-2.57705347,-0.764487343,0.413127364,3.382657875,-2.439798882,0.908383284,0.143742903,-0.054489363,0.548868037,0.15708502,0.913762988,0.736290912,0.665643615,0.073522158,1.460379623,0.617093239,-0.4115608,0.3803917,-1.039284043,0.073658946
37,Parkland,E14,0.506318352,0.048513793,0.499220987,0.882471312,1.137238661,-0.481986175,-1.713953176,-0.938518795,1.163509825,-0.904753473,-0.216950221,0.146165838,-1.432503054,-0.124733822,0.33716689,-2.246547336,0.900477091,0.252650543,1.365612037,0.943082649,0.720061706,0.468577421,1.026522962,0.691106084,0.032505197,-0.561124867,0.592030737,0.214411459
38,Savanna,E15,1.073781133,0.68269516,0.962069995,1.466060105,1.095852297,-0.52440626,0.439289066,0.891975512,-0.593718227,0.446020674,0.022866851,-0.609845154,0.028895469,-0.70193488,-0.305401045,-0.618801097,0.077596881,0.571120169,-0.36540928,-0.683413341,0.463755229,0.539707771,0.111353885,0.654545565,-0.762584397,-0.045633896,-0.907464343,-1.636334352
40,Parkland,F02,-0.689312953,-0.619089517,-0.59372499,-1.040300184,0.872930294,1.523282996,-0.776667019,-0.007591629,0.243301635,-2.087520321,1.43042673,-2.254521701,-1.542740895,0.055571179,1.263474137,1.071364127,0.483494702,0.713410334,0.290200379,-0.182217052,0.487793871,0.893727689,0.181258269,-0.505162047,-0.145121202,-0.727274849,0.151701543,0.789400449
41,Parkland,F03,-0.249246805,-0.02585003,-0.257284324,-0.671717789,0.842831121,1.557409552,0.152611782,-0.405788132,0.01230292,-2.351151906,1.37355957,-1.881974418,-1.847763339,-0.099303639,1.316051588,0.495782406,-0.481359681,-0.106545485,-1.335982711,0.105410208,-0.294138893,0.084842047,-1.229054914,0.231207665,-0.255080401,-0.348112069,-0.249974993,-0.162925065
42,Parkland,F04,-0.288496493,-0.121938116,-0.278676505,-0.60414435,0.918079054,1.54959273,-1.063695951,0.750079973,0.294783358,-1.137850162,-0.157460865,-0.901198681,-0.508739012,-0.544257074,-0.370679206,-0.483592389,-1.122351811,-1.02708488,-1.277393621,0.181120274,-0.417162964,-0.467269479,-0.791517671,0.617093239,-1.248942394,-1.323710684,-0.963606151,-0.660050963
43,Savanna,F05,0.097526269,-0.000783573,0.01109031,-0.131130275,0.947237629,1.539018927,-0.937307592,1.447947927,0.358196824,-0.201841699,0.295491316,-1.02774738,0.296133856,-0.884924719,0.700642274,-0.42130635,0.610784331,0.439583152,0.557481509,0.805524573,0.493762482,0.422615629,0.355575066,0.77887107,0.053651197,0.00122892,0.317990236,-0.120998785
45,Parkland,F07,0.173050277,0.732828075,-0.07253367,-0.942011545,1.033772752,0.651054572,-0.446618768,-1.696004725,-1.604677272,-1.193525761,0.46312663,-1.972899827,-2.653295508,-0.75123038,-0.910350212,-0.062310374,0.946020734,1.481621402,-0.572302214,0.16309978,1.1526666,1.435392676,-0.406899551,0.971055226,-0.771042797,-0.765617153,-0.389286586,-1.124234783
46,Savanna,F08,1.413422326,1.544145739,1.387968872,1.023761231,1.051644136,0.331600132,-0.738898018,-1.262888375,0.86734692,-0.194980062,-0.625940421,1.820124262,-0.706772411,0.803609823,0.669989177,0.222522256,-0.12034145,-0.780770203,0.704833773,0.825816425,0.200811643,-0.209212673,0.607573476,0.744364691,-0.584957998,-1.268327356,0.126264431,-0.052119895
49,Savanna,F15,1.644775226,2.144905163,1.619393376,0.857899153,1.125010871,0.014990787,-1.36456728,-1.72952618,-1.493924767,0.877371567,-3.171712231,-2.065114712,-1.436515252,1.570932449,0.446431079,-1.556085676,-0.239809109,-0.387959417,0.379814655,0.02171949,0.741455465,0.317065742,1.097147261,0.955927328,-1.667633191,-1.558024762,-1.308087968,-1.24701889
51,Parkland,G02,-0.648533058,-0.774501551,-0.671514739,-0.653288669,0.715850233,1.405919319,-0.359493797,-1.136308899,0.991653696,-0.341106483,2.080517223,-0.101774537,1.059219143,-0.196022993,0.166948343,-0.264372361,0.258120721,-0.436204249,0.887441807,1.097766301,0.70928585,-0.391711243,1.178446959,1.542617467,-0.935981596,0.133296855,-0.602164452,-0.947545458
52,Parkland,G03,-0.812615321,-0.797896911,-0.840707444,-0.874438106,0.771345584,1.152466888,-1.200222355,0.592063092,-0.641958241,-0.260342287,0.078686116,-0.534837738,-0.195974111,-1.815008009,0.641448493,-1.337269752,-0.529347291,-0.81235181,0.550412957,-0.315383393,-0.036489159,-0.68039529,1.012064847,0.181672104,-0.842939197,-0.126578759,-0.888864974,-0.725935118
53,Parkland,G04,0.864573565,0.936701926,0.868722296,0.587605396,0.813672547,1.09520145,-2.039671737,-0.692949711,-1.173955781,1.257702125,-1.23131335,0.591417429,1.85302702,-0.876187384,0.263144973,-1.146510468,-1.459861587,-0.436204249,-3.260075098,-2.31986008,-1.363674129,-0.195927805,-2.651431518,-3.142563083,-0.208559201,-0.39923514,-1.112078553,-0.911608646
54,Savanna,G05,-0.407137044,-0.375109333,-0.486764085,-0.708576028,0.906791864,0.197893291,0.43292599,0.45608542,1.75875814,1.453122813,1.364254378,-0.670823219,-1.174551279,-0.818343589,-1.605962335,0.00355695,-0.092465808,0.885503884,-2.063465121,-1.627686606,-0.285610639,0.633043383,-1.946077182,-1.609352781,0.523092394,0.397432724,-0.314173238,-0.6720299
55,Parkland,G06,-0.689312953,-0.739408511,-0.613172427,-0.782292507,0.932188042,0.995828608,-1.836283676,0.227298376,0.097489096,-0.583538332,1.949294619,-0.789696547,-0.020500105,-0.403646527,0.119986337,-0.98421832,-0.368020597,0.336390732,-1.06871592,-1.233886478,-0.294138893,0.394451242,-0.715300723,-1.455677709,-0.026703602,-0.147880039,-0.709499602,0.14553257
56,Savanna,G07,0.173050277,0.177188273,0.096659035,-0.075842916,0.920900852,-0.108019677,-0.463030234,0.317835529,-1.121131605,1.614798992,0.837142721,-0.561116245,0.972828937,0.997985576,-0.302837386,-0.054529435,0.025815509,-0.20436549,0.076098841,0.925822552,0.088966482,0.027500278,0.063221052,0.559144127,-0.102829202,-0.4418377,-0.070762343,0.456984939
57,Savanna,G08,0.396404594,0.331711625,0.388977899,0.065447002,0.938772236,0.274191495,-0.872647119,-0.883841174,0.74025021,-0.511324892,-0.971047977,0.233315013,-1.38727149,-0.119623259,0.328188625,-1.097524655,-1.139908751,-0.268344366,-2.154264862,-1.810912856,-0.834143938,-0.105639469,-1.27916605,-1.250644363,-0.538436799,-0.211783878,-1.577653874,-1.471623964
58,Parkland,G09,-0.730252456,-0.532192465,-0.786254619,-0.782292507,0.966990211,1.525011721,-1.323723837,0.066605485,0.507198044,0.521012684,0.95153054,0.348150327,1.277968494,-0.65489277,0.528510526,-0.460016535,-1.284302447,-0.526167409,-1.789709474,-1.658926036,-0.686141021,-0.105639469,-0.830851275,-1.013950736,-1.105149595,-0.88490432,-1.666279828,-1.441676621
59,Parkland,G10,-1.021405281,-0.711835408,-1.105192591,-1.120159703,0.857880707,1.267559142,0.564203717,-2.391698577,-0.138398825,-3.070219741,1.677238788,-2.039332436,-2.145082364,-0.158902154,-0.056498256,1.078783966,-1.872867079,-1.025668855,-2.640027254,-1.987816383,-1.434473008,-0.788198563,-1.874344769,-0.85766654,-1.088232795,-0.497221027,-1.388407583,-2.016665611
60,Parkland,G11,-0.937388526,-0.848865374,-0.920441937,-0.880581146,0.84377172,1.539408118,-1.08777943,0.360542436,0.560598844,0.290220891,0.746113202,0.122884681,0.844221738,-0.61995932,0.894896222,-0.034623962,-0.03870461,-0.44213194,0.635177165,0.499208539,0.307215325,0.118371378,0.514713834,0.635933589,-0.661083598,-1.221464541,0.13581397,-0.29768811
61,Forest,G12,-0.607911533,-0.683426757,-0.57816704,-0.696289948,0.848474716,1.43017675,-0.22687123,1.694012006,0.783074076,-0.073816242,0.596442153,0.076698588,-0.596482521,-0.319588282,0.797362901,-0.342908757,-1.224896078,-1.408036639,0.518262325,-1.889283145,-1.241738852,-1.750244818,0.495562433,-1.873223564,0.117089197,1.006649327,-0.034821159,-0.992466472
62,Forest,G13,-0.367440489,-0.238914916,-0.41675331,-0.57342915,0.861643104,1.253756051,-0.717503648,0.855632121,-0.174863094,0.369790482,-1.36661889,0.274862456,-0.340296112,0.338438622,0.205383666,-0.57896154,-1.455608018,-1.512205458,0.170004186,-1.783402792,-1.064619479,-1.597084205,0.678609281,-1.972320478,-0.792188797,0.026790456,-0.974897261,-0.573203667
63,Savanna,G14,-0.288496493,-0.157031156,-0.389526898,-0.339993633,0.822137939,1.266371715,0.097775291,0.792215466,0.402557754,0.344178001,0.241767432,0.048743829,0.849292288,0.19107809,-0.249232518,0.014447791,-0.324089259,-0.122861135,-0.238516505,-0.205699899,-0.372427367,-0.249679665,-0.198502101,-0.034187157,0.231277596,0.66582885,-0.166422095,-0.219825017
64,Parkland,G15,0.506318352,0.371035542,0.475884062,0.427886358,0.782632774,0.95823307,-0.494334515,-1.565646539,0.835561802,-0.89582662,-0.664967539,-0.015412668,-2.210145028,-0.155700719,0.420036902,-0.230172549,-0.818685603,-1.206634816,0.73709457,-0.951524653,-0.675942894,-1.025894377,0.589374897,-0.761668455,-0.162038001,-0.4418377,0.227475924,-0.390524874
65,Savanna,G16,0.899733362,0.792987572,0.820103703,0.661321875,0.775107981,0.527480476,-0.012585298,-1.813499938,0.852868506,-0.20746231,2.385131592,-0.0216263,1.458998851,-0.246165908,-5.018771858,-0.430408077,-0.479685,0.36847365,-1.921475163,-1.27447201,-0.328588336,0.530972088,-1.738805581,-1.250644363,-0.191642401,-0.458878724,-0.372140649,-0.336619656
66,Forest,H01,0.02145299,0.033473919,-0.023915077,-0.376851872,0.385699925,0.558548155,0.155426156,0.6012616,1.465495603,1.288879323,1.896035645,0.598791798,-1.341601837,-0.999439782,0.571165617,-0.377386893,0.175234754,0.31094692,0.221578099,-0.083503266,0.445551287,0.246445059,0.270492653,1.000871099,-0.568041199,0.239803254,-0.166422095,-1.387771403
67,Savanna,H02,-0.648533058,-0.566372725,-0.731033182,-0.647145629,0.573819758,-0.606398858,0.136177692,-1.378421078,-0.341643385,1.525783401,-0.563448411,0.260189312,1.150870749,-1.166762634,0.540609553,-1.327043227,1.182302588,2.060895288,-0.824252943,-1.074197447,0.930017524,1.487016219,-0.406899551,-0.319941482,0.015588397,0.077913527,-0.815026568,-1.193113672
68,Parkland,H03,-0.527138701,-0.684262305,-0.519824728,-0.59800131,0.553126577,1.209145874,-0.569602955,-0.777835696,0.108710356,-2.443460476,1.487191806,-2.07402923,-1.702296235,-0.077866084,1.144783527,0.701400295,0.6987513,0.722386711,1.041329701,-0.719448179,0.371181708,0.624759901,0.643436234,-0.761668455,0.480800394,0.048091736,0.734217698,0.112590492
69,Parkland,H04,-0.446984824,-0.613240677,-0.475095622,-0.081985956,0.437432879,0.476220699,-1.557429055,-0.925398723,-0.053258471,1.282800196,-0.163940102,0.349020968,1.307832257,-1.184493158,0.536311,-0.841764148,-0.395892557,-1.409657973,1.328949929,-0.242963125,-0.051733085,-1.180984017,1.330947092,0.156291869,-0.580728798,-0.735795361,-0.083878156,-0.567214199
70,Parkland,H05,-1.234447874,-0.883122866,-1.21409824,-1.918754894,0.593572341,0.424855048,-1.308829917,-0.870295421,-0.628807092,0.990818296,-0.704657175,-0.291259101,0.634143071,-0.968775184,0.897829302,-1.313774321,-0.470485138,-0.602310563,0.003561125,0.23463425,0.110377691,-0.333516302,0.552425316,0.72681628,-1.007877995,-0.505741539,-1.039284043,-0.746898258
72,Parkland,H07,-2.418147617,-1.728698022,-2.24092293,-2.655919685,0.570997961,1.5089759,-1.653115923,-0.046990053,-0.642477718,0.728063954,-0.950768586,0.222947323,-0.163546879,-1.518165965,-0.671425719,-0.182241908,0.145840257,-1.097302778,0.557481509,2.267972871,0.445551287,-0.612027993,0.495562433,1.652698217,-0.614562398,-1.178861981,0.046181821,-0.016183084
74,Parkland,H09,-1.063668085,-0.905682677,-1.006010661,-1.218448342,0.456244862,0.990690542,-0.422227532,-1.631374582,0.473421256,-0.33532577,2.46489706,-0.170544563,1.767378529,-0.254830723,0.331830676,-0.567515581,-0.646811248,-0.225572756,-1.459104917,-0.089990438,-0.453622048,-0.007823381,-1.086467771,-0.154677908,-0.255080401,-0.39923514,-0.734808953,0.193448319
75,Parkland,H10,-1.629212826,-1.414531758,-1.550538906,-1.679176336,0.616146721,1.402221713,-1.558340088,2.466515427,0.862127442,0.846682252,0.816364801,-2.789093257,0.02345623,0.865998288,1.20583363,-0.662509192,-0.894375889,-1.435736241,0.259326918,0.207978619,-0.801575181,-0.963394203,0.134953465,-0.505162047,-0.052078802,-1.340751708,0.158046701,1.744720698
76,Savanna,H11,-1.063668085,-0.897327191,-1.079910923,-1.298307861,0.62837451,1.466199054,-0.4966654,1.016818471,-0.714938005,-1.187085694,0.647548351,-2.413772262,1.39511599,-1.117894101,0.547309138,-2.051180502,-0.645074056,-1.151452679,-0.707975595,1.376325109,0.371181708,-1.004813447,0.270492653,1.826020984,-1.680320791,-0.356632581,-1.704716224,-1.061345362
77,Parkland,H12,-1.277582078,-1.353536712,-1.216042984,-1.310593941,0.735602815,1.341511626,-0.940529844,-1.369807233,1.089970427,-0.37235568,2.141913781,-0.12300238,1.109594995,-0.288276716,0.33716689,0.059535872,-0.341938015,-2.048094094,1.589542991,0.293165754,0.281095678,-1.918013289,1.875299516,0.617093239,-1.092461995,-1.310929916,-0.602164452,-0.522293184
78,Parkland,H13,-1.021405281,-0.843016534,-1.072131948,-1.200019222,0.485403437,1.225224877,-0.900049944,-2.285722668,-2.363744245,-0.952481776,-0.175366093,-2.112123897,-3.48677426,0.070668199,0.539980997,-2.514146114,-0.067817673,-0.784701183,0.631793148,1.107254743,0.138603818,0.039119044,-0.344895577,0.940648901,-0.3692688,-1.805119607,2.063965873,-0.034151489
80,Savanna,H15,-0.132373749,0.022591898,-0.134684249,-0.677860829,0.477878643,0.742096965,1.085194753,-0.751596897,-0.659461615,1.186959916,-1.115148292,0.32600344,0.806841069,-0.861905595,0.545017071,-0.846312106,-0.738103483,-0.705680214,-0.249446406,-0.172206536,-0.145497199,-0.222598567,-0.062962913,0.457420233,-1.020565595,-1.038273534,-0.434075483,-0.896634974
81,Forest,H16,-0.210143844,-0.275679053,-0.212555219,-0.425996192,0.489165833,0.649962372,0.885113815,1.779853805,-1.099210106,0.355409751,-0.006660746,-0.431042684,-0.855423249,0.081015214,-1.145530362,-0.438947981,0.92232986,0.769682221,1.152955516,0.002835641,1.030225629,0.673885973,1.734180027,0.255388783,-0.576499598,-0.003031336,-1.096678828,-0.363572265
82,Savanna,I02,0.578957739,0.143360358,0.661392544,0.907043472,0.47035385,-0.982259368,0.042865211,-1.450311604,0.018369315,-2.757146102,1.75533648,-1.805253437,-1.682981298,-0.240913159,0.321154759,0.791430197,2.247155232,1.28871579,1.867448144,2.320303834,1.727265365,0.88658676,1.911162274,1.950250639,-0.225476001,0.474117332,-0.16310121,-0.480366903
84,Parkland,I04,-0.132373749,-0.033369967,-0.224223681,-0.395280992,0.48164104,0.21449593,-1.483486359,0.320656889,0.909816317,-0.366154345,0.279728615,0.132024876,-0.37123124,-0.366202203,0.754130376,-0.564851765,-0.380296663,-0.039812202,-0.163781523,-0.860332099,-0.129588079,0.027500278,0.063221052,-0.154677908,-0.3988732,-0.015812104,-0.493110566,-1.076319033
87,Parkland,I08,-1.106102341,-0.611569579,-1.087689898,-2.17676257,-0.676236537,1.482034812,-0.969645469,1.216839896,0.602583259,2.32273076,0.62435937,-2.418988799,1.104888795,1.318600455,0.699800329,0.223628282,-0.050176469,0.632762072,-1.381188782,-0.55909057,0.016043249,0.665792916,-1.4945844,-0.251687168,-0.094370802,-0.271427461,0.126264431,-0.480366903
88,Savanna,I09,0.135356436,0.240831089,0.070242573,-0.382994912,0.428026887,-0.353595112,-1.220520094,-0.584164731,-2.122073865,0.95348713,-3.273469554,-1.119276486,-0.113825991,1.409262831,-0.901238798,-2.591614699,0.302663,0.443394828,0.18303451,0.096212375,0.234622121,-0.209212673,0.982801149,0.392985496,0.083255597,2.297506883,-1.445322,-0.426461686
89,Parkland,I10,-0.771352822,-0.68175566,-0.805702057,-0.800721627,0.516443209,-0.004180707,-1.737266,2.386415231,-0.516026363,0.882194512,0.105735826,1.487379898,-1.611429718,0.121852048,0.043205892,-1.864390273,0.548868037,0.623613441,-0.03991526,0.808066505,0.757364585,0.864988493,0.436874765,0.578704509,-0.593416398,-0.825260736,-0.918651258,0.241364068
90,Parkland,I11,-0.895631865,-0.893149449,-0.906828731,-1.064872344,0.501393622,1.201166414,-1.285000673,-0.121761653,0.576206566,-0.974633597,2.092554075,-0.220987236,0.365161005,-0.536632786,0.13868427,-0.525330706,-1.137954116,-0.78339033,-0.517552666,-1.310655418,-0.780128985,-0.546217089,0.134953465,-1.692371336,-0.639937598,-0.4418377,-1.20925422,0.391100784
92,Forest,I13,0.210608773,0.762907823,0.05776416,-0.849865947,0.226738665,-1.011111633,0.270805199,0.388765826,0.425244825,0.187754863,-0.02077289,0.387794419,-0.7123331,-0.365979757,0.101758465,-0.154465634,1.970227216,2.447788544,0.217335333,0.396202416,5.221287154,4.97509983,0.570993415,3.631822965,-3.934484375,-4.463519327,-0.713108988,-2.486838899
93,Savanna,I14,0.135356436,0.505188263,0.118538825,-1.107873623,-0.067668875,-1.263735429,0.139474831,0.664046166,-0.124295732,-0.119997526,1.174734213,0.144275379,1.215968113,-0.013584788,0.378855146,-1.114066391,1.276899477,0.907998091,1.526231229,0.264019363,0.736126609,0.633043383,1.243540736,-0.034187157,0.620363993,0.431514772,0.471475557,0.63067953
94,Parkland,I15,1.073781133,0.85231152,1.209052449,0.704323154,-0.160788193,-0.7523678,0.631617365,-0.076113766,2.260453567,-1.711928393,2.088884393,-0.864382954,1.61325809,0.58270062,-0.029776669,0.189659481,-0.622552196,-0.081658545,-1.174620306,-0.663604893,-0.615732824,-0.031772549,-1.330688952,-0.505162047,0.150922796,0.052351992,0.202306346,-0.237793423
95,Savanna,I16,-0.055177607,-0.026703249,-0.01585483,-0.714719068,-0.515394079,-1.161602802,0.49852007,-0.279284883,-1.885278533,-1.075075143,-0.514853308,-0.305838105,-0.124639406,-2.214766942,-0.274375205,-0.940374455,0.832480537,0.188506586,0.83211881,1.766688129,0.60983716,0.039119044,0.829017999,1.233340599,0.159381196,0.593404499,-0.080596873,0.217406194
96,Savanna,J01,1.346370624,1.352865713,1.347958434,1.693352582,1.242585768,-1.849195572,0.21919015,0.696388311,2.409309858,-1.871954293,0.129717288,-0.973981079,0.77951475,1.395402711,0.439860054,0.348170382,-0.005962431,0.130549207,-0.124965521,0.187106551,0.493762482,0.346485423,0.730132183,0.559144127,-0.944439996,-0.488700515,-1.519365682,-0.588177339
97,Forest,J02,-0.527138701,-0.908189323,-0.480929854,-0.143416355,0.840009323,-2.034876677,1.711155123,-0.587068846,2.112360531,0.806380205,-0.488573119,0.676314531,-0.86793263,0.470453613,0.429737718,1.202032133,1.458456744,1.58433403,1.311508518,-0.920742597,1.134953998,1.145619036,0.953061599,0.691106084,-0.026703602,0.239803254,0.633775425,-1.857944691
98,Forest,J03,0.02145299,-0.346700682,0.032482491,0.483173717,0.556888973,-1.435317339,1.846465206,-0.131805571,1.719230556,0.372034748,-0.29816167,0.476226472,-0.73512672,0.338117582,1.165380473,0.842869607,1.100600779,0.897628866,1.11952792,0.479934842,0.676636073,0.624759901,1.110950662,-0.005485961,0.468112794,0.452816052,-0.060941746,0.993042383
99,Forest,K01,1.480046944,1.222459538,1.496874521,1.840785541,-1.896193659,-1.212311782,1.605958256,1.076390558,2.456406921,-0.88694524,1.099660084,-0.751071709,0.376959034,1.535167066,0.841292678,0.658666421,0.941545829,1.424854767,0.302405443,-0.801367952,0.809574568,1.253422309,0.203978338,-0.466287331,-0.102829202,-0.382194116,0.113511777,-0.558229996
100,Forest,K02,1.346370624,1.230815024,1.432697978,1.300198027,-2.0767887,-0.932151663,1.263541657,0.734573439,0.692473812,0.819339915,0.305033884,-0.362360648,-0.092884488,-0.681570852,0.411786546,0.618127152,0.897900923,0.862035415,0.806128563,0.319198136,0.819868678,0.914978289,0.796646498,0.255388783,-0.187413201,-0.497221027,-0.0576713,0.130558898
101,Forest,K03,1.142597367,1.109660481,1.189605011,1.601206984,-2.068323307,-0.927454705,0.257551966,0.45660096,2.157635307,-1.264649751,1.348208384,-0.920825211,0.504915607,1.832089778,-1.919344837,-0.15739794,1.189677211,1.470004706,0.532621244,-0.019331904,0.997330356,1.304945109,0.514713834,-0.005485961,-0.123975202,-0.4418377,-0.041342117,0.05569054
102,Forest,K04,1.903060688,1.678669059,2.053071228,2.190938816,-2.058917316,-0.934102502,1.721951285,0.739096562,2.825615231,0.572031123,1.508280077,-0.395189836,-0.125099182,1.054340285,-0.154751915,0.889621144,0.339738652,0.319771172,0.525455862,0.114583437,0.227901703,0.307148889,0.334672644,0.181672104,0.163610396,0.056612247,0.293132937,-0.064098833
103,Forest,K05,1.44678768,1.290974521,1.562995808,1.220338508,-1.987431779,-0.903849876,1.578239098,0.764411997,2.457998558,-1.20613969,1.513166974,-0.307453186,0.239364512,2.560449252,-0.713938055,0.798435474,1.565936681,2.396881251,-1.152046002,-0.178876673,1.204959794,1.840706558,-0.95419747,-0.391371535,-0.018245202,-0.407755652,-0.43753344,0.528858563
104,Forest,MK1,-0.771352822,-0.729381928,-0.760972951,0.022445723,-2.173670414,1.130544045,-0.321342065,1.010685364,-0.017717059,-0.531375497,0.38080825,0.048940928,0.443947553,1.896552371,0.284266081,-0.126235976,-0.132781067,0.073852711,-0.948419354,0.604860022,0.326602404,0.557050144,-0.471079542,0.598018842,-0.842939197,-1.157560701,-0.922384804,-0.07607777
105,Forest,MK3,0.758379458,0.807191898,0.69369536,0.483173717,-2.067382708,-0.662328189,0.428439569,0.844205364,0.618955522,0.170210939,0.598487107,0.462353492,-0.698583191,-1.167286565,-0.92644433,0.072328294,0.30409371,0.599742702,0.082968466,-0.294515219,0.131581358,0.317065742,0.158252405,-0.005485961,0.315861595,0.725472433,-0.216430383,-0.405498545
106,Forest,MK4,1.278886327,1.539967996,1.288786942,0.907043472,-1.953570209,-1.24424602,2.327026407,0.562411358,-0.257612517,-0.134849089,-0.339255469,1.04909556,-0.095578082,-0.382415121,0.145223371,0.111942981,-0.933203709,-0.539556048,-0.940407294,-0.671510519,-0.878337248,-0.263378074,-1.180280235,-0.908014304,0.011359197,-0.527042819,0.395130971,0.516879626
107,Forest,MK5,0.864573565,1.209090761,0.787043059,0.507745877,-1.979906985,-1.278996354,-0.307558056,-1.289274252,0.119021116,-0.116377713,-0.451124404,0.928795924,-0.238008929,2.499015351,0.61870874,-0.192203885,-0.114133334,-1.317212061,1.564276887,0.012290927,0.166470366,-0.883369667,1.29399751,0.578704509,-0.513061599,-1.178861981,0.453224152,-0.818771882
108,Forest,MK6,0.578957739,0.858995909,0.503110474,0.090019162,-1.935698824,-1.199411105,1.064705362,0.074655596,-0.221647904,-0.05427531,-0.518819811,0.831484597,-0.381489453,-0.525788729,0.192305683,0.024634859,0.028077794,0.156067509,-0.211473874,0.339317645,-0.145497199,-0.156664394,0.226419627,0.050355437,0.434279194,1.177059565,-0.855527928,0.588753249
109,Forest,MK7,0.396404594,0.652615411,0.419486494,-0.131130275,-1.915946242,-1.206284935,1.471076514,0.337118469,-0.943774636,-0.070894623,-0.922310613,0.50466945,-0.788525817,-0.73918772,-0.931733059,-0.375720714,-0.547155067,-0.266081165,-1.064433455,0.126776475,-0.202108347,0.096089604,-1.041306413,0.370892032,-0.563811999,-0.752836385,-0.116776989,-0.366566999
110,Forest,MK8,0.899733362,1.18068211,0.878446015,0.520031957,-1.971441593,-1.216091251,1.329029319,-0.649505687,-0.456708473,-0.617486521,-0.866443791,0.945692515,-0.475873691,-1.198926097,0.299706808,-0.362927864,-0.043290217,-0.17553328,0.498333101,0.027990465,0.030823673,-0.169655129,0.746988912,-0.034187157,-0.102829202,0.239803254,-0.53159673,0.193448319
111,Forest,MK9,0.93477537,1.089607315,0.876501271,0.23745212,-1.90654025,-1.222082059,0.845097725,-0.07213172,-0.845245533,0.541626013,-0.828320668,-0.556240066,-0.271268963,-1.550599948,-1.058074642,0.064791607,1.501893444,1.318293143,0.541538713,1.756364593,0.682111656,0.813537413,0.134953465,0.709064993,1.149013989,0.772335249,0.737152149,1.451236734
1,Parkland,P249,0.396404594,-0.111075984,0.384481107,1.017618191,-0.045094495,-0.66222977,-1.936879331,0.814777319,0.065789184,0.669941357,0.584684493,1.050460402,1.091507574,-0.779012953,0.286722768,1.011251314,0.457824604,0.235706013,0.986348006,-0.006646596,0.166470366,0.050661621,0.695945355,0.077532594,0.540009194,0.66582885,0.507845304,-0.070088301
2,Forest,P251,0.542701101,0.39025316,0.57895548,0.200593881,0.298224202,-0.230201678,-0.021232814,-0.912446082,0.736174198,-0.682951059,-0.424907761,1.374991593,-0.287226666,0.532604965,-0.639760851,2.080513245,0.140679196,0.277448353,0.455948405,-0.540166654,-0.193930789,0.194208684,-0.011440011,-0.908014304,0.789531992,0.312227605,0.868070173,0.855284604
3,Savanna,P257,-0.288496493,-0.278185699,-0.393416386,-0.622573469,0.546542383,-0.410431211,-0.335957002,0.713009257,-1.34975921,0.628972378,-0.545176665,0.082308936,-0.10260485,-0.611612285,-0.210385864,0.250615878,0.178897509,0.046777392,0.532621244,0.2434752,-0.10593926,0.050661621,0.203978338,-0.285435103,0.649968393,0.154598135,0.583055559,1.214652723
4,Savanna,P315,-1.320894893,-1.113734272,-1.560262624,-0.622573469,-0.167372387,-0.422300981,0.528416781,-0.016702965,0.355903971,0.19022744,-0.636578031,0.502125741,0.445530745,-0.264444399,0.856353398,1.221731119,0.531052123,0.438629727,0.883017916,-0.10300398,0.414870638,0.403889531,1.026522962,-0.466287331,0.083255597,0.056612247,-0.341389181,0.83132673
5,Savanna,P318,-0.979312549,-0.779514843,-0.976839505,-0.622573469,0.083767591,-0.400178376,1.374472107,-0.433366376,0.854928908,-0.564756225,-0.461470932,0.644880255,-0.147407001,-0.114577882,0.478063994,1.122024589,-0.890696781,-0.444505747,-1.161042349,-0.59733241,-0.91207819,-0.514211905,-0.830851275,-0.671320677,0.210131596,0.525240403,-0.680698702,0.16649571
6,Forest,P321,0.864573565,0.808027446,0.773429853,0.606034516,-0.093065052,-0.384766565,1.503588376,0.035157136,0.415394334,-0.12242842,-0.696223998,0.684512836,0.012209065,-0.100567428,1.361666442,1.849882072,2.464644068,3.136938819,0.46153281,-0.532633012,1.23914009,1.737889794,0.203978338,-0.628065162,1.263202388,1.142977517,0.428819218,0.259332474
8,Savanna,P323,-1.809562634,-1.698618273,-1.754736997,-1.028014104,0.099757777,-0.412281228,0.896549772,-0.013690366,0.340535651,0.057515456,-0.459957716,0.555120223,0.150887964,0.963233424,-0.124567929,1.18553827,0.246565447,0.079039133,0.599329111,0.313429264,-0.145497199,0.027500278,0.013787176,-0.093250948,0.886803591,0.325008373,1.131959863,0.900205619
9,Forest,P324,-0.854041235,-1.030179415,-0.782365132,-0.210989794,-0.227570734,-0.387000368,0.837673487,-1.267520174,0.404079373,0.479013937,-0.477851465,0.728112915,-0.293355569,2.462758223,-0.392498372,1.740953812,-0.852259558,-0.174428636,-1.331028032,-1.295069221,-1.126243115,-0.34788566,-1.27916605,-1.780136322,0.810677992,0.82345832,-0.169744594,0.624690061
10,Forest,P327,-1.364387802,-1.698618273,-1.365788251,-0.210989794,-0.283066085,-0.493699407,1.207989621,-0.170757002,-0.610860953,0.406812813,-0.266696533,0.517457919,0.301846358,0.2531117,0.716473694,1.323074706,0.484186844,0.335414855,0.387572094,0.843490745,-0.145497199,-0.056052059,-0.438708041,0.457420233,1.406995187,1.343209548,1.680161405,0.564795375
12,Forest,P330,-1.021405281,-1.280843986,-0.976839505,-0.622573469,0.070599203,-0.417152151,0.364022786,-0.042535284,-0.718963304,0.482723749,-0.456594694,0.158112261,0.335149767,-0.254157273,0.371220398,1.073708286,1.200722902,1.243635541,0.807667657,0.393378852,0.58710974,0.820980285,0.495562433,-0.093250948,0.861428391,0.584883987,0.5410302,1.034968663
13,Savanna,P333,-1.106102341,-1.280843986,-1.171313878,-0.622573469,-0.349848626,-0.571887191,-0.112751227,-0.561350004,0.343441167,0.044873107,-0.595497761,0.61592254,-0.230027909,1.711179993,-0.505340028,0.944277786,-0.532733869,-0.510409824,-0.018048011,-0.20233439,-0.675942894,-0.391711243,-0.406899551,-0.545046607,0.493487994,-0.062674919,0.71364529,0.834321464
14,Savanna,P334,-1.148709445,-1.030179415,-1.171313878,-0.622573469,-0.122223627,-0.50339173,-0.256653539,-1.122417917,0.244719513,0.094719678,-0.502810305,0.707324659,-0.539517989,2.568929103,-0.479229164,1.066877788,-1.199998413,-1.005913741,-0.285426078,-1.189149889,-1.567988679,-1.15797406,-0.830851275,-1.530593505,0.971387591,0.712691665,0.994006707,0.391100784
15,Savanna,P335,0.24803289,-0.361740556,0.190006734,0.606034516,-0.054500486,0.341803965,-0.529399927,0.247416357,-0.583546989,0.526953498,-0.721875286,0.016119533,0.824034962,-0.123902296,0.69816567,0.531513,-0.392604896,-0.070886726,-0.254935923,-0.659660876,-0.277115504,0.084842047,-0.198502101,-0.58599488,-0.115516802,-0.245865926,-0.199720107,-0.070088301
16,Forest,P336,-1.320894893,-1.280843986,-1.365788251,-1.028014104,-0.248263915,-0.393782186,0.309819834,0.208910768,-0.655745221,-0.071837234,-0.019896774,0.71219867,0.409772305,-0.346723072,0.116135391,0.835792645,0.539967143,-0.222216423,-0.227651471,2.673849449,-0.193930789,-0.75152564,-0.95419747,1.319694957,1.673434786,2.212301764,1.446885842,1.178715911
17,Parkland,P337,-0.249246805,-0.695959985,-0.198942013,-0.210989794,-0.259551105,1.404753337,-0.230711863,0.635527277,1.501430356,-1.105076684,0.1828422,0.038483412,0.314451164,0.074175192,0.296142849,1.525690252,1.223978003,1.633488387,0.11693517,0.135893053,0.860567423,0.990773179,0.376241298,0.672934638,0.235506796,0.853280112,-0.542132748,-0.791819273
18,Savanna,P339,-1.54019076,-1.615063416,-1.560262624,-1.028014104,-0.772177652,0.34184227,-0.227313864,0.533574504,-0.684390312,0.339899781,-0.502372043,0.066332534,0.624418371,0.665325185,0.980007588,0.991467778,0.256677681,0.396476494,0.330571427,-0.182217052,0.159536938,0.317065742,0.436874765,-0.251687168,0.172068796,0.239803254,-0.26343959,0.265321943
19,Parkland,P340,0.506318352,0.139588588,0.384481107,0.606034516,-0.233214329,-0.479913,-1.504191343,-0.951614673,0.235045871,0.688306631,-0.900991526,-0.81344912,0.078577319,0.162111173,0.188897421,0.609473649,2.971262748,1.955650016,1.93599832,3.156835926,1.528588079,1.24760334,1.36716495,1.378532394,1.254743989,0.640267314,1.081556755,1.666857605
20,Parkland,P342,-0.979312549,-1.113734272,-0.976839505,-1.028014104,-0.243560919,1.495468956,-0.508288362,0.206176196,-0.145131942,0.764835238,0.29462627,0.423410052,1.173096155,-0.774647137,0.787777731,0.786383163,-0.779996753,-0.440945622,-0.322127055,-1.088243235,-0.758891009,-0.451896136,-0.406899551,-0.761668455,0.121318397,0.312227605,0.075115948,-0.663045697
21,Parkland,P343,-0.288496493,-0.612405128,-0.393416386,0.200593881,-0.068609474,-0.227618431,0.075609978,-0.178917133,0.507633858,0.248734659,1.396047494,-0.06306094,1.367113019,-0.717372087,0.551655568,1.597524856,-1.005349475,-0.691628592,-0.976740958,-0.465723688,-1.028461723,-0.628872491,-1.086467771,-0.505162047,0.193214796,0.099214807,0.151701543,0.16649571
22,Parkland,P345,-1.451919943,-1.531508558,-1.365788251,-0.622573469,-0.717622901,1.022561883,-1.12930379,-0.827738472,0.361391682,1.282571885,-0.643493892,0.318731864,0.682389205,-0.908896371,0.692882155,0.333818148,0.151732375,0.043641784,0.571537263,0.07156301,0.081782586,0.194208684,0.313528569,-0.063435074,0.150922796,-0.271427461,0.441031687,0.313237692
23,Savanna,P346,-1.584607088,-1.698618273,-1.560262624,-1.028014104,-0.130689019,-0.430211689,0.339968059,1.340811908,0.57070135,0.587876453,-0.315516712,-0.330496199,0.399670242,0.52273788,0.871126484,1.568454679,0.321232653,0.146898809,0.161265492,1.011435914,0.402476869,0.151273955,0.158252405,1.100890494,-0.246622001,0.116255831,-0.077317145,-0.417477483
24,Savanna,P347,-0.730252456,-0.8630697,-0.587890759,-0.622573469,-0.279303688,0.228768097,-0.580374843,0.306506313,-0.312160645,0.039182392,-0.615963691,0.326982515,-0.1668217,0.723824097,0.710243302,1.064526135,-0.272542578,-0.010036186,-0.06204686,-0.59733241,-0.285610639,-0.007823381,0.181258269,-1.013950736,0.146693596,0.167378902,-0.538618834,0.98405818
26,Parkland,P351,0.359508507,0.139588588,0.384481107,0.606034516,0.046143625,0.519813641,-0.836716884,1.141955778,-0.822531176,0.962780607,-0.876167157,1.310663449,-0.890184061,-0.077201597,-1.126253384,0.565668027,-0.531040265,-0.160096834,-0.216850538,-1.083551521,-0.934864797,-0.305124773,-0.791517671,-1.692371336,1.161701589,0.708431409,1.06187047,1.163742239
27,Parkland,P352,-0.016792134,-0.278185699,-0.004467639,0.200593881,-0.066728276,0.835389491,-1.674968306,-0.408915168,1.186620868,-0.759261775,0.354039372,0.628302854,0.392591424,0.281131794,0.48324403,1.872127577,-0.372927179,-0.39732296,0.757763297,-1.490829805,-0.354786188,-0.291098909,0.607573476,-1.384247656,0.087484797,-0.015812104,0.208606977,-0.69299304
28,Parkland,P353,-0.730252456,-0.8630697,-0.587890759,-0.622573469,-0.22004594,0.608967165,-1.62431749,0.473599201,-0.271241955,-1.472992256,1.513733968,-2.346022378,1.498092837,-0.833258495,0.646056739,1.097410294,-0.039468588,-0.318482354,0.455948405,0.482694203,-0.528415468,-0.391711243,-0.143075372,-0.35524118,1.263202388,0.503939123,1.131959863,1.93338896
29,Parkland,P354,-0.771352822,-0.612405128,-0.976839505,-0.622573469,-0.609453996,-0.701061246,-0.07149842,0.706500775,0.295349685,-0.334332003,0.407272107,0.760740336,-0.399216861,-1.169436472,0.256068091,0.839510524,-0.200976826,-0.541995841,0.435325267,0.460562988,-0.277115504,-0.451896136,0.334672644,0.022688576,0.282027995,0.026790456,0.103932269,0.861274073
30,Forest,P355,0.24803289,-0.361740556,0.190006734,0.606034516,-0.054500486,0.341803965,-0.924553294,0.405750819,-1.004329952,0.559325302,-0.859300805,0.591452571,0.519463619,-0.167421524,0.146886875,1.269864957,1.017803936,0.932967913,0.73549496,0.731115469,0.714680413,0.922005191,0.226419627,0.457420233,0.235506796,-0.377933861,0.957005579,0.385111316
31,Parkland,P357,0.173050277,-0.278185699,0.190006734,0.606034516,-0.512572282,-0.43161994,-0.095320406,0.662170828,-0.483474386,0.475401702,-0.91671897,1.71734994,-0.227186839,1.382124374,-0.621776518,1.033016093,0.302663,0.766128963,-0.371258336,-0.329376302,-0.10593926,0.403889531,-0.438708041,-0.628065162,0.899491191,0.878841648,0.075115948,0.729505763
32,Forest,P375,0.359508507,0.139588588,0.384481107,0.606034516,-0.450492737,-0.454296593,0.934479535,1.66930274,-0.913161301,0.263086023,-0.398260646,1.442687775,-1.345167271,-0.344800093,-2.05731525,1.165386931,-0.082437835,0.658283602,-1.568436076,-0.699367741,-0.277115504,0.459480571,-1.612621616,-0.671320677,0.518863194,0.414473748,0.010655777,-0.022172552
33,Forest,P44,-0.367440489,-0.111075984,-0.393416386,-1.028014104,0.614265523,0.685406938,0.358955583,0.644289544,-0.765482198,-0.01337075,-0.765055445,-0.258511358,-0.724144143,1.364681075,1.7684736,1.088681247,-0.071660944,-0.864340294,1.2056969,0.202027778,-0.717023809,-0.84468159,0.248588893,-0.628065162,1.732643585,0.184419926,1.993565468,2.095104613
34,Parkland,P48,-1.451919943,-1.030179415,-1.171313878,-1.851181454,0.710206638,1.572420896,-1.825659716,-1.831592046,-0.482884891,1.297573129,-1.596406755,0.255489843,1.605446233,-1.490261983,0.554280461,1.167577525,0.591805186,0.223704689,0.63009879,1.175447563,0.38375355,0.096089604,0.334672644,1.015564697,0.269340396,0.495418611,0.49271269,-0.073083036
36,Savanna,P51,-0.689312953,-0.278185699,-0.782365132,-1.028014104,0.681988663,1.48082308,-0.254156294,-0.031956625,-0.862718274,0.645240225,-1.01595044,0.046419926,0.334720353,-0.825223537,-1.192837525,1.027713385,-0.239013499,-0.237904617,0.12811879,-0.006646596,-0.462832565,-0.236087037,-0.143075372,-0.466287331,0.633051593,0.239803254,0.456269155,1.139784365
37,Parkland,P513,-0.607911533,-0.361740556,-0.393416386,-0.622573469,-0.561483439,1.522358907,-0.101854653,0.492745047,0.892217182,0.949720477,1.33763883,-0.656314101,1.43366345,-0.127725033,1.409609729,1.714462862,-0.37210906,-1.055546147,0.208820188,1.196401679,-0.426220925,-1.227926443,0.436874765,0.498921928,0.265111196,0.738253201,-0.493110566,1.064916007
38,Forest,P514,-0.937388526,-0.8630697,-0.782365132,-1.028014104,-0.281184886,-0.160513169,0.567685263,1.094448681,-0.55856964,-0.955824964,0.16173507,-0.656818038,0.230841303,1.15727347,1.397891799,0.874277921,2.437033854,2.789787014,0.708085555,0.628840117,1.139395613,1.542106357,0.087445805,0.156291869,1.500037587,1.223922381,1.20421786,0.885231947
39,Parkland,P57,-0.607911533,-0.445295413,-0.393416386,-1.028014104,0.755355398,1.569698721,-1.917234456,-1.258822038,0.193102129,1.738442967,-0.956331121,0.511376599,0.37524138,-1.198519501,-0.493407673,1.30729895,-0.927634635,-0.877808055,-0.798178708,0.132856865,-0.363588994,-0.825651819,-0.062962913,0.691106084,-0.982502796,0.099214807,-1.356142628,-0.830750819
7,Forest,SG06,1.513200791,1.727130876,1.551327345,1.429201866,-1.041189015,-0.735199624,1.204861604,0.106670176,-0.775652664,0.328460563,-0.062425484,0.101239987,0.176635429,0.249170406,0.054695124,-0.002512573,-1.264061011,-1.70334495,-0.030164223,-0.10300398,-1.726572185,-2.103472728,-0.912150973,-0.319941482,1.233597989,0.836239088,1.812530079,0.534848032
8,Forest,SG07,0.829295185,0.557362874,0.967904226,1.017618191,-1.027080027,0.29009058,1.349389997,0.00731661,0.152206864,0.325467893,-0.548953761,0.349591645,0.115853888,0.026426631,-1.289835268,0.499814324,0.676049415,0.2655632,0.646972208,1.340445442,0.214398608,-0.068318566,0.396676618,0.77887107,0.831823992,1.164278797,0.41352535,0.618700593
9,Forest,SG08,0.68697966,0.473808017,0.57895548,1.017618191,-0.875643561,-0.692640249,0.830077521,0.473828458,-0.221544163,-0.181721937,-0.471235295,-0.252188021,-0.612379498,0.510548552,-0.627274067,0.163504392,-0.531040265,-0.110889711,-0.893057599,-0.411139787,-1.176823274,-0.482778272,-1.67462559,-0.960069094,1.851061184,1.534921066,1.577560508,1.343426299
1,Forest,SG104,-0.730252456,-0.695959985,-0.782365132,-0.210989794,-1.60084552,-0.239093642,1.142086288,-0.243775765,0.375900215,0.113958406,-0.323235303,0.5454977,-0.343210919,1.432255881,0.391525717,0.189385302,-0.530193699,-0.069811149,-0.615302903,-0.856073651,-0.769484223,-0.031772549,-1.612621616,-0.908014304,0.721864792,0.099214807,2.09646662,0.067669477
2,Forest,SG11,0.059558787,-0.194630842,0.190006734,0.200593881,-1.22742765,0.184039882,0.849718993,-0.266268495,0.551148386,-0.418628857,-0.402621545,0.650342366,-0.264845109,0.631287224,-0.732203875,0.550637661,-0.588981289,-0.356532862,-1.188299718,0.298966894,-0.665792089,-0.59534316,-0.504034344,0.022688576,0.328549195,1.091854446,-1.256482257,0.573779578
41,Forest,SG12,-0.249246805,-0.194630842,-0.393416386,0.200593881,-0.766534057,-1.020973956,1.135521359,-0.132450909,0.589329398,-0.835227658,0.050176895,0.719746848,-0.191627925,-1.176189308,0.060866952,2.175527454,1.532828097,1.637251885,1.141453366,-0.178876673,0.34581917,0.775843539,0.134953465,-0.715830148,2.202084782,1.658468489,2.116409504,1.319468424
3,Forest,SG124,-1.993076635,-2.11639256,-1.754736997,-0.622573469,-1.471042835,-0.74898386,1.153842221,-0.370102559,0.480657116,-0.504262418,0.169754172,-0.469020756,-0.187524639,-1.026596165,-0.182163083,0.102140107,1.07562848,1.019815294,0.595878115,0.91840387,0.487793871,0.468577421,0.938008493,-0.093250948,0.882574391,1.275045452,-0.695082713,2.202915049
4,Parkland,SG16,0.359508507,0.05603373,0.384481107,0.200593881,-0.941485503,-0.643240775,-1.019246922,0.041458826,0.281365263,-0.300190555,1.468168577,-0.37277649,0.54875483,-0.361469718,0.129737972,-0.086276622,-0.295025888,0.329555027,-1.098976987,-0.760080847,-0.780128985,-0.007823381,-1.55265093,-1.069792135,1.330869588,1.164278797,0.885361736,0.648647936
42,Forest,SG18,1.677411851,2.22846002,1.551327345,1.017618191,-0.792870834,-0.93908914,0.892128326,-0.357955582,-0.481983916,0.789698367,-0.724826283,-0.348794148,0.550455135,-0.780349261,-0.728821116,1.845595942,3.288768951,2.5885092,2.077417892,2.407070941,1.57270711,1.387600511,1.306397165,1.295513839,1.605767586,1.411373643,1.545743252,0.888226682
5,Forest,SG19,-0.016792134,-0.278185699,-0.004467639,0.200593881,-1.019555234,-0.965141198,0.81347188,0.059278091,0.518074874,-1.008795887,0.352633979,-0.631683246,0.797832058,-1.540718196,-1.432656078,0.472591857,1.208688276,1.091899198,0.509230472,1.338193795,0.145603806,0.539707771,-0.60661873,0.130485056,2.142875982,1.215401869,2.393582309,2.424525389
43,Forest,SG20,0.506318352,0.640917731,0.190006734,0.606034516,-0.882227755,-0.869978911,1.352269,0.014064333,-0.75269839,0.093484337,-0.511779319,0.470135102,0.303412199,-0.614753831,0.869208207,1.487683071,0.139941485,0.645540189,-0.380067107,-0.651790308,-0.381301596,0.266913157,-0.715300723,-1.250644363,1.288577588,1.04499163,0.58904019,1.415299922
6,Forest,SG21,-0.895631865,-0.612405128,-0.976839505,-0.622573469,-0.815445214,-0.688103798,1.893126607,-0.364894161,0.59529823,-0.296082857,-0.639730325,0.44065204,-0.095391569,0.764228669,0.303246433,0.711037753,0.374444597,0.335414855,0.306455783,0.540185604,-0.24346108,-0.043870442,-0.170578779,-0.093250948,1.445057987,1.304867244,0.888239979,1.346421033
10,Savanna,SG85,-0.486984987,-0.445295413,-0.393416386,-0.210989794,-1.457874447,-0.207931801,-0.538759855,1.402504143,0.334189954,0.873411655,-1.000905604,-0.333174154,0.419588092,-0.3207767,0.777753684,0.044683277,1.849028203,1.579014867,0.821461591,1.968931982,1.148251877,1.050447933,0.436874765,1.378532394,0.535779994,0.538021171,0.701864965,0.181469382
11,Forest,SG86,-0.171186519,0.223143445,-0.198942013,-0.210989794,-1.115496349,-0.879441572,0.025208494,-0.441175517,0.25400033,-0.184997864,0.1987898,-0.845867507,0.188771785,-1.811830204,-0.881144022,0.346722647,1.184761761,0.773232859,0.410649116,2.136874211,0.505651068,0.665792916,0.416886128,0.181672104,1.03905479,0.026790456,-0.087160996,4.143502889
12,Savanna,SG87,0.059558787,0.640917731,-0.004467639,-1.028014104,-1.833173515,-0.937222542,1.229738219,0.58246444,-0.135879699,0.214226588,-0.073552194,0.265518277,-0.265712611,0.281557131,0.104210039,0.119951049,0.019777842,-0.115238738,-0.20343837,0.984712172,-0.059395069,-0.249679665,-0.344895577,0.877967984,0.205902396,0.66582885,0.17704853,-0.073083036
14,Forest,SG89,0.322481815,0.473808017,0.190006734,0.200593881,-1.619657504,-1.147800485,0.944294515,-0.703048159,0.960071426,-0.522322646,-0.292945154,0.710463764,-0.043809889,0.367504132,0.679713743,0.314809214,-0.160885277,-0.479103441,0.550412957,0.278622035,-0.059395069,-0.391711243,0.533666771,0.370892032,-0.132433602,0.026790456,-0.044604888,-0.144956659
15,Savanna,SG90,-0.607911533,-0.612405128,-0.587890759,-0.622573469,-1.240596039,1.480146662,1.800822354,0.766367018,-0.742368581,-0.235284004,-0.259066087,0.250341376,-0.156212148,0.652312887,-0.410857094,-0.428254876,-1.052889877,-0.997486442,-0.127527807,-0.801367952,-1.335983956,-1.276155121,-0.504034344,-0.80891739,0.819136392,1.164278797,0.654562425,0.046706337
16,Savanna,SG91,-1.629212826,-1.78217313,-1.560262624,-0.622573469,-1.102327961,0.132466777,1.121023682,-1.117106794,-0.064786062,-0.155292843,-0.407148074,0.767702741,-0.427870458,2.469935582,-0.641597899,0.188012646,-0.497299687,-0.683988818,0.17435794,0.108470675,-0.490699112,-0.663052917,0.158252405,-0.034187157,0.134005996,0.239803254,-0.054402394,0.337195566
17,Forest,SG92,-0.689312953,-0.779514843,-0.587890759,0.200593881,-0.885049553,0.878878778,1.141485245,-0.314287293,0.447958409,-0.025586793,-0.318828077,0.225050168,-0.279349746,1.159939567,0.21605044,0.211621073,-1.853706049,-1.345563567,-1.991093925,-1.083551521,-2.532796337,-1.718527985,-2.651431518,-1.609352781,1.381619988,1.138717261,1.300495275,0.939137165
18,Parkland,SG93,-0.486984987,-0.445295413,-0.393416386,-0.210989794,-1.345943146,1.471675212,-0.213002815,0.036048435,-0.212393859,0.783826709,0.092196007,0.110648293,1.053827617,-0.872472204,1.265712137,-1.165957398,0.429938556,0.620865356,0.550412957,-0.578144911,0.200811643,0.608075069,0.134953465,-0.761668455,0.400445595,-0.126578759,0.751807749,0.439016533
19,Forest,SG94,-0.288496493,-0.445295413,-0.198942013,-0.210989794,-1.506785603,-0.964158688,-0.393609301,-0.15315144,0.058014798,0.053223973,-0.261974446,-0.024321567,0.337040921,-1.280056687,0.457139368,0.22147955,1.122989857,0.901952017,-0.071969664,2.088591065,0.159536938,0.317065742,-0.537593856,0.654545565,1.922957584,1.573263369,0.865184551,2.205909783
20,Savanna,SG95,-1.191490813,-0.779514843,-1.171313878,-1.028014104,-0.994159056,0.45703795,0.15229652,-0.594913701,-0.74187047,1.161412802,-0.954747389,-0.403325793,0.336112694,-1.607765812,-4.180297229,-0.342830327,0.452954696,-0.580032194,1.29978791,1.283824166,-0.021350729,-0.86391934,0.625592756,0.893879725,1.00522119,1.304867244,1.333248691,0.283290349
21,Forest,SG96,-0.249246805,0.139588588,-0.393416386,-1.028014104,-1.439062463,-1.051884341,1.017492037,0.164758812,-0.080278717,0.617828732,-0.48711074,0.56729554,-0.038600539,0.970680081,-0.73056708,0.175525093,-1.59208817,-1.188621169,-1.179168763,-1.169565143,-1.759716674,-1.135261015,-1.738805581,-1.187963446,0.290486395,-0.101017223,1.073125652,-0.180893471
22,Forest,SG97,-0.407137044,-0.528850271,-0.393416386,-0.210989794,-1.495498413,1.115111664,1.023567983,-0.782741106,-0.0465148,-0.233645094,-0.45360516,0.626573763,-0.349721523,2.281821735,0.350445321,0.039510953,-2.445287065,-1.966311328,-1.991093925,-1.633888294,-3.009065244,-2.596870517,-1.874344769,-2.078256909,0.370841195,1.091854446,-0.290449814,0.079648415
23,Forest,SG98,0.433170993,1.142246875,0.190006734,0.200593881,-1.473864632,-1.136474632,0.627077627,-0.24926603,0.450346766,0.046536649,-0.274490969,-0.210769674,0.141935342,-1.137537419,0.303152668,0.227968897,0.281156517,0.332485921,0.387572094,0.049847083,-0.218555751,0.004030109,0.038671126,-0.391371535,1.149013989,1.091854446,0.615912853,1.034968663
24,Savanna,SG99,-1.063668085,-1.364398844,-0.976839505,-0.210989794,-1.523716388,-0.371274165,-0.390754594,-1.207604202,0.172893255,0.302572404,-0.489716128,0.833815646,-0.188183941,2.542140205,0.372623176,0.029039806,-0.658119645,-0.740423735,-0.347973407,0.301863983,0.081782586,-1.112837315,-0.95419747,1.860143927,-1.265859194,1.560482602,1.201450475,-1.798050005
